Id,Class
0X6U3SfcmbuZNodnH9qL,1
0ZiQmgtxzHe9v5O8Lf2k,1
1E93CpP60RHFNiT5Qfvn,1
1l5V2AwZS9ixLMmecCkp,1
1mStzMaQ8RUVBx7TkF4o,1
1ptMdWPB4IvREzafL2S9,1
25MVSaOYETk0ueIroJ1L,1
2Qn5kEMv9rXOHBaVWsYf,1
2T9zBqN60tJEQmOblyM8,1
2zhCBgyKOjI10uYixDAZ,1
3aUTHQpJqC8czb1yohmA,1
3bapyeGYC5Zot4Sm1NOd,1
3IxTl7gVswPM9eJDkapX,1
3njKFSaLcsNydxXDA8q9,1
3PUsV4jflnCw8mGHZIgK,1
3qTBeSjiWwaUAmP5y1xs,1
3uMRSqGw1TtKUm5dz6fW,1
3v1ySaG5qjMuW90T7EiH,1
3yHaDhqlkp67fzMQAgxc,1
4bEmQThjKsiSPcFfzv1q,1
4IjXuwLqD3f9tsRaAnMb,1
4l7o0adxGiDvStmFVnzb,1
4M9zLZjcgVbWiyINDEGp,1
4oGUEFhwqTxk6Ku5Q9N1,1
4oukFyPdeRqwVKIQrc8C,1
4r5lOkQTuIs7CHygqLYN,1
52Vdf3czIoBaAFsv8gmy,1
5iJsI0VCgF2D1Gukdayc,1
5jqWz0imIyErK3t1RLv4,1
5mS2M1zjfQZ9HAVIFeLc,1
5QAGYlNrgvSIeRxDH294,1
5qh0jnJ9X3N4rimob6Wg,1
5UEJYb3qLkPlWiV2gz8T,1
5vcEstbVjzK9FgqAO7Pd,1
60gR3qnjoYPf4rpbCOSk,1
6G0EdXzZTPkbhoucn8RK,1
6GXdqZuQkcfbNyJA9gpx,1
6KDiSvjJq215CNuoGzH8,1
6TUw1J5DR47dAgmjHLOs,1
6YJyE0SvstChMfNp1TbG,1
7CAzl4vfXB9jtU5eaSPV,1
7DLNKwxjz5AoPZtcXrHB,1
7DNt8JzkhC5u3dfxnXLZ,1
7Hpbm3GO2YECvoVQATt1,1
7IFRYGVPBrp5Lmb9xTlv,1
7QtHrPMIOSsxAde6wnv0,1
7wpdECAtSosOImULRkQW,1
84OlNTMLw3uXFdqapGUv,1
8eiOKmj1ER6wzul0bpT5,1
8IvKHQxUmoe2CBwatuOi,1
8iZw1cMaPBr4RJzxlFXH,1
8kOwptdojBs37lfMrzWK,1
8VlJEcmXepIy9RS3GMTq,1
8xq2imXEnK4oUR506zpf,1
8z7S4FrQvgI2a96dnVmf,1
93vLt5cVNKnr7IsbQa48,1
9Ek3SCm6VvZUhNtnpGK8,1
9JN4L3y2vZm5qUcdglSu,1
9WC4pIz3EqV0tOXgQio8,1
9XaJfKvR6QwiVNk7qGd0,1
A4L5MciWJmYurOp2RxEH,1
a9oIzfw03ED4lTBCt52Y,1
aBgtuX5CYTZnoksmANV7,1
aDh7LczK1uU9XB3qwSVx,1
AFY7KdVJNL9ng4pjk1mx,1
Ag04k8rzoVqwtJLWBCET,1
ANwSdUVmzaRjl3oKIX0k,1
AnyrEaNMze5xH7PhCobc,1
aqMnC2XrY8Aut7m3GLlw,1
aShLCkEAv5R7uo0KNTWq,1
aWN8UkuiLhlmHB2nxo7T,1
aXjOfx0UdRzWcvLu2rhN,1
ayQgeJDwOtlRoBspqfAr,1
AZYpv9a3cLxBuirIhmfU,1
B50qpIVmRKnr41xaPSgX,1
b5qZNQRzLp6MUlfHisoF,1
BbNQlcLSfDsawv1CrhRq,1
bfRpQsFeqZN5BVrhkD6S,1
bi60nAxaS8zJro1dlPB5,1
BIGe85AY9yEHOFoh74ap,1
bjFKyp5JTwGv6QV9gYAE,1
BKpbxgMPWUNZosdnO8Ak,1
BL4IWnsa2AbXyoPHQ0kJ,1
bNT4jk68t5lZghy3HPcr,1
BnVZpMdlJKEvXx0Q6HCo,1
bqtyYldWMuFmAiJQ2njC,1
bQZP8pT9VRCnk0OM2Etu,1
brsxDiLaBgj315Emol4K,1
Bu6mavPcgfkURx4Fp8LY,1
buJG8SQ4UzZ6N72cCHsL,1
Bul5Ss41PpjrwtFRHDh0,1
C0Hl8uWb1scIEg4XrtJN,1
C3Rd8zrwsm1FeSWhou4v,1
c7JueDyhL4zROKFE0AYm,1
Ccj3AiR725Y8vHFaXPkG,1
CdbgJo8peBERKZNyQTYF,1
cGNfA8C9wh1R5grDKQjX,1
cMbvh0ZxLKN9i8OfH3nI,1
cmHUGkYuylEFdKDMjL9o,1
cP1LKEImqN9zQ5eXpodG,1
CrNOE3bTHv7JXhBipFcM,1
cxIb52FLlvanqM1ykopB,1
d0MWkj1mNzQKDGTvXi6F,1
D3Gj2HEIptr7cbxdSNTe,1
dcS7DHihjONvkMCm5qUB,1
DfSa4jlAyFPkXQpTbUoY,1
DJr7dHKNj6Uw52YSOny1,1
DpjU2bwfgiYRPQm5NCOc,1
DTUYnFKflbuGgsAecxL1,1
dVuxtiZLgQ8Na3DFbBlJ,1
dW12JO3kHuUQDLnZrB6C,1
DwEQhKioybXvg8lrjpRe,1
dWy5HfqNGPs6vwMxB1m3,1
e1KAXRxrOTc5snpuWVvj,1
e3cvTitaVJmhGKBX6xyO,1
Eeni9vHLuSa6lJOBVtyA,1
EjSPcs4ifvgNxIZB9QOY,1
EKHlPBcSCXqnJzNRi8uj,1
ELbIP3i6rgW41Rl9phnZ,1
EoUzWsPd9JBVSYtM2cvX,1
EphugcJjmrdbLs5CUMW0,1
ePqHxpGIVMYKlj4DRJcC,1
eQUEjktxdVNPqmlw3nJW,1
ErJfdSCzHT0DFsN7Wcob,1
Eropqy1nlFTeZJ09H2Af,1
eXFGUlRML6kdJfYu5a9h,1
EysJb6PM3oL5T2UvQ7Sl,1
f2bc6dsxSiWV1tCwRIE5,1
F9nT2NgCsbrhX8eqOp01,1
fCgvNxUcn7lsZiO0EjPI,1
fcsNBbd6HYTaQAh5Mmq3,1
fEMdwkrczmt7j0RTL14J,1
FftMq5zTYhDgRyxv3wBC,1
fGwEMeBFc0JUlpKHONsa,1
FHp4XckLR2vVlaEmw6gd,1
FIc3eX7mViuBPKTAlCr0,1
FKPI2pwaXBJkOsfNYtd9,1
fmgKokQPXGiF6hexOA4s,1
fn2sqVuRcbvEH90ZK47x,1
foMDRra3h1u8Q6SiXsYE,1
Fr94kItvl5LyH1ASRX3o,1
fRGHdh4L2OpgNYTJ9zQP,1
fs9oYJKeZ4BzXSlIWy3E,1
fwC3QFVbKxvhS02mnTWe,1
fy0va8HcFThxnBX5UMbE,1
Fzb57KXGYB0x6yJErsN1,1
G0xmghzaP9n2HUCNlKFZ,1
G1ab9rZ2SFOshYk74yxB,1
GdRjCWQ4UJSXn207YEwr,1
geCboaYHQ2LN4GnIfZF6,1
gIjbust1dlK9OpEiAMBV,1
GJREYDA5m4tiQ3krNuq9,1
gmKLiC1aN48zVTEcvbeY,1
goVvB4mFfTO9HKbtp3C6,1
gq24NMeSC8QL0pT6xODt,1
gQkYeuWndpbftU0L1rR7,1
gvtDf5RS9hjuPWTOlZdn,1
gW1ky2rURczMSTb3Eq80,1
GxB6dX7o5E0cP9rTnb2g,1
Gz7eNQgydq6s5TDvm9ft,1
H14sZdW5uykCAYUFon3r,1
h3EdyntkIm9wi0B7GH8g,1
h41axcJq5TmDypUYEMbI,1
HgSsanq9f8WdJ1zEN7tp,1
hIlHiET8OjbuW75SYqP3,1
HNRDf1hTCBS0qusaiFrg,1
hpCo0vZsbigG5wLEjUqS,1
Hr6s4wUqkVjDTBIuKnJa,1
HstMehvkaw6BWg5LjUzq,1
HuU7Y0xWq36QjARJSvad,1
i6j5cGQx7h30nIHvzgJd,1
I71BDJ6odkpRrwzqN2uZ,1
iBT1K8E62rpmG73jN9VS,1
idM9jgSrFceTfECaYGLs,1
IemKCvJBb7iaO2owVYHN,1
iHMt9Cae1FUfWZTcEvIk,1
ilxt65RehXQoDvTzdFLk,1
Im34xwvrNE5U2FGfuSCH,1
iNqCDB2ehnPTloQJyWbU,1
IOcJwnQpZFA7fmM09hDC,1
IOukR7FPVbzUl3co9L2H,1
ivCgUA1qQHpxnX4bDk9l,1
iWkQeLjbAGmI4onsrZNU,1
iWScf1VBXaT78d5qDJFY,1
ixhrw8fe7msycRaFKkdC,1
izdqA9gUMYLlDpuVrjOT,1
j2IBarGQysHh3Cfz6M8i,1
jD1ixXdrn4QfJoZHFA02,1
jGeSITtdnpmlb3LYRvZu,1
JiTOus5PgHU2kIfnw7eG,1
JjyXPOBMQz6IZaNUCFYV,1
jLSyhNpkoXDKeBmE5YxQ,1
JltGZkHyLmsi6aV2UQ8f,1
jLuXBKEVC9ngUadxi2Nw,1
JO3YyqSKEfcd0RN4hLFu,1
Jo4mF0en982QIKTAbOXN,1
JqMnmvEYlKVfw90W6btB,1
JRgoPbLy2GVQzsUdKmkj,1
jxuKaQ3YtEZANs06iWUf,1
KCeDuY5B0SUjlfxbT3X8,1
02JqQ7H3yEoD8viYWlmS,2
02zcUmKV16Lya5xqnPGB,2
0XbS5KBuICayhs2p3NTU,2
1DmFGLjAlhPwn4yEVteq,2
1GRsOmJXetEkqIraBuSd,2
1mZhRcBEeiGd0aDJw8CO,2
1nyRDJYtOrpTEI3CmGHf,2
1pCDZ6lLytxzQOKYXqe3,2
1RX4GxMFoCJUDvslqBaP,2
1txR5rhb4MwNvXuPAFpz,2
1WysH96E7LwIYafNrmO3,2
23iLdjsJ6c01QNkrIRXD,2
2DbfJX4WgzP0R8BwrHyS,2
38nAlIJyjGuc5PpS1ZHw,2
39x27LvzZhjJAnKtVkqX,2
3AVbapKO2BYJTqtfMv5P,2
3UXfgqO2mhcrFZv4jzDn,2
4bdcgZYPyMtlwOhoq7Dx,2
4jpx7Ahlw9f31YMikoCv,2
4sY5wVHK1fL7Poim8cJF,2
58BJu4mOfakNI1n9jKDV,2
5ghsiExd6LZpW3GzHyJ1,2
5nSZXBYgVob1qf4avrDP,2
5QEDgGFSnVXWJLxUouBP,2
5RdoJbLBOZEpIVrNtvHu,2
5xg1AGWM3f6rzHsa2yP8,2
5z6qBep3fIQuW7dZhYAP,2
64vCcLMZutGVNYeWmsHy,2
6a7hF1ZnHrUAQXouv4xO,2
6hFQvE8Ae5NfGVkHnC7t,2
6mUHQtCBjzWA0fGIEnP7,2
6nfXBNI5d4jOkgmEDF31,2
6QtaMBu0P4kEjTgcxYAn,2
73LO4S6We2aGQvM0qCXo,2
73VYXPJgsRlKIMiOLwG4,2
7hp5QE0n2zg3x8JfWGmj,2
7hvO3rkiLUtM0QpfWGn4,2
7JjsOZzyXR9ScewIoMTp,2
7qlMUcpafAL3QFiPWEzJ,2
7suvOYcA5hQI4Zk1HtMo,2
7w9HgKIJmjx0cYnea243,2
81BI6Ky9bfr4CL3TUkFp,2
8aBc6ytRQ4oY1PwlKDhq,2
8Bywd5tJUzgqbGmvcIS4,2
8MSg6ycte4mZsOQL9bVN,2
8QRIkDJS4bgy2nEvMhfa,2
8uI6s0FjMC13OLyRcAkw,2
8VGXzLxvhH0qIltWc35U,2
8Z4wSKyUQznTifm9hMbl,2
98fBSiA2Nul5EzmnC6kt,2
9bDpXWcKkjMYSygu3CAB,2
9ilHZxJ10UtOGsFQfDLg,2
9IvlTmfgCB6px7HXEOho,2
9xCOeSAVnyF7GDbEhu6l,2
9YfuCbFBxaQOMGpVlEKZ,2
a5nMiy8gBFtpuGTxIv0W,2
aBfoqskHcug13y7W8REp,2
ACTK9tVJunILfsYrwyFh,2
aD2gkl7RWXm6rch3zeOS,2
ADzc7SVJd1YE69kCZv5y,2
aeoETp7ktY2qAxGcBvfm,2
AEqQHpi8TYLON30h4eVc,2
aFSCmbvwe7HErAuPTQp2,2
AKruDyEtjObe4R8TvHBQ,2
aLFb6P0ZdvNO7thfBkic,2
ALk7nXPtb84eCUWd0lGv,2
AocU28V01uDMpbavxJmQ,2
AP1FktpMolXv5yEwsKSJ,2
aSbnYdE1tq0ivTpCKzFs,2
B0hTZnAfwPCkzKsY4yIb,2
B4nqpNwsQj21XtKaYE7k,2
b6zyst7BLp3NKh5fEgui,2
bExZwys8aDPlR9oGX2dW,2
bf4dGqaUvH7SPuORJ6cC,2
Bfwzv7WUD5ucy9t0qrMI,2
BgTIbYCFljHEWpti618r,2
bR1ugX49KAGclzFwkJ7j,2
brthU9A3nugqsSwJ6BC1,2
btAy2hf1qLaTpzVPUlxe,2
ByxapYZ2c4MFI3SEKf7b,2
bzylSa3Io15hsBWcviXD,2
C0ATrYp62uZIndBXMgmL,2
c5lPNJXfrRvxaIHOkign,2
C7knyMSfZacwTAdUBjem,2
catrJpdjF4qNw2UePAQL,2
cgOFjPAr76QExV2piI1H,2
cLzBqUwhe2aEv6HIK3Gu,2
COntTlwPvaG3p4hMSJqI,2
CosyQLTrjivhRawX6GfJ,2
CPu0ovHSWi18aLz62pBF,2
CqlFyksTYLVw0eQfJZGD,2
CrscPL6baYHtUAW2FIR5,2
CwtPLqOS2b3mg1rWJhx4,2
d4MZmSTpJQuP5yh7cl8W,2
D5wceyp2lHBF8JP3qz0S,2
d6ACYSuPQ4wcjJynZhNE,2
d7VWOQbLxZIENHrwcXKe,2
D9QULlKPYijhJezwSOFT,2
DBmZ98sltp1Ec4KMSvUh,2
DeHdPsMiVbvELXWn2w86,2
dhFCORaPLVBf9NUw75Hn,2
Dl76jatFczZmsKedJ1TR,2
dLgQ8Tpbc3o1anleXsKH,2
DRXe2HIAxJaiFp0joQr1,2
DszCbghZwq7ORp8f62J0,2
dtyLupxMfEQVX10JwvWl,2
e0rtoZ7S9LHuzhwyxcsi,2
e1Mw64jN9GpR23VBF0Ib,2
e2JZOtCHpEGf4YR6cdov,2
ehGfVZy2QXtFzJkO1ESb,2
EjWBahQA6X7ROn5foySV,2
EMCt7uQlGbS6kvyFiI5Y,2
enqtU6j094EJFaY3MQoS,2
f0ybu6ZqRMvBTAnlrg7S,2
F8bN6Gx0wTRZWsHI3XLO,2
fdDxaCeIbvKowFXhMGQJ,2
fduMbSetTV83BRx6KJQl,2
FhpBuDLoktwm9v3grXd4,2
fhtP7wG5BXnMSQWVbkJm,2
FN5lMWj0kPY3SBRcoHvz,2
FqbIWSJMyRK1Ni7tVAuO,2
ftdnVB0K7JzRA8FUwIjD,2
FtmwqCbojMpvJDKB7H8r,2
fW4MkhBrUcioN7TOa6by,2
fYpFPVOnCAKS80qRtiH9,2
g5aTwB2PojyI9DlbHh1C,2
gA2keFy5GKsjdpBriL7M,2
gCNUKzdsihtJYjLlAR6T,2
GEFTHcs9pD254nR1PdNY,2
GEprqj7xuTa8m629zQP3,2
GgvOWXkDhnMfldVP5Z28,2
ghtBsXwAKYrkLy76bPR9,2
gLEW2nYOmSC9AjBvbuas,2
GMEAV21K07wb4O3YisZP,2
gOEj2AmqLZSwkGIYsoNJ,2
gpYNi0jEzrAoxWyu12s6,2
gR5cYMhLPZ8AkzW62wxv,2
GReXQUwJuhz5Bj69PotI,2
gS1RpbGO52EelPdx04w8,2
GzjL73seI0uAmZVyYtnw,2
h0DRFktYmqyi8p3s2Aa6,2
h3rJYzdueyMUj2QGLmAb,2
H3teMfnQ1LGR5Sjr4p7W,2
h5vYpXNJjs0qRDVyF8Z7,2
H7CpUha5E4m9YzjxD0Z1,2
h84uQivAnMyltw6Wkx3f,2
H9W6IBvFuM47N01krXY8,2
HCaGgWTI2fY0qNdZzeVF,2
hczfxqdtwX6lOPmZUJVS,2
He4qRW17SQlfN9BcAExX,2
hePHMV0Uspcnd23R4Fyz,2
hibXGaWRxKIl42Jg8zM6,2
HkL72qMuOcp0T3gWahnN,2
Hn2koKsPizIVUq1bWL5g,2
hnEAVHz5I7tQcjGWvRi1,2
HoOEWQVSZyThrFj1tf2b,2
HueRQzwrp2OPDBYMITGx,2
huv3c9j4VIqWp2FG6KLe,2
hZfoeEcsTJRnNLlF5wG0,2
HzvWS4IuPE9idXmlgOAw,2
i0XRVkoPMwK95hfgWAmJ,2
i5slewgWou6xZMUcdATm,2
ibFVtH0dgCDLsZf9ky7Q,2
ID5Ogjr8pR9ncoNhKZHi,2
IETGJWiuU7As6SPewtOk,2
IlCigar0eZ13Xtyf8MVn,2
IMBK8A7rCv4p0TJLjyP9,2
InqZsf5iQozvl3aJbKWA,2
irUj2KVPLFBa4EYlbxth,2
IsSfM9LGyi5c8uP3p7hJ,2
Iur3cKshVeHqib6C9tnv,2
IVprGntTFw5sqBYU4xOE,2
iwKlT6Fh3qfXp2kdVS7a,2
IYXhFeyzUjrs6RNZcWAd,2
J1chft4QPrzWisaqREj8,2
j1wqtQ9vlpxD5LMr34aG,2
j4e5K0tcpfIlSYT3QUkd,2
JajfhmMDxzBX8OKb9o4k,2
JBhPuigxYtENMs4yToa1,2
jcx2FgPBbYqshUNvkID8,2
jcz5dACK0gLXsQkJNRp2,2
JEdVbXyCro7SBKHZRPOe,2
jgO3mkayeMX8CuLbxFpV,2
jh5EgYDdqxsan190RW8U,2
JK7liDHzL1AIfrPCcFTZ,2
jLr0lyA1TeugxId7Fk2S,2
JNP8y5lG7OuK4oq9xhaI,2
JNrlKDpRFXhP6wcQjMna,2
JPz2sCNRcjVUDrwLh8S3,2
Jr3s0Zc7EDULtVAyT4fv,2
jvCHpBTKuE264UVP1qnx,2
jw6dqJau5vzf7Vylsb9D,2
JZ9xYnXykDNO7jobthiI,2
k0WuAH9EPzeBGTc8YVjf,2
K1uNd32tY7mzU4Phs0EQ,2
kcRZAg3mPeJXW94y57dB,2
KEul3yrfA91GUBidj2nm,2
kfigr70cURVxjFCabY4n,2
kg1ZDvKAN9CyWamsRIxi,2
kOTBR1luXMpbG9QoF8y4,2
09bfacpUzuBN5W3S8KTo,3
0BLbmzJRkjNynCgQIdtV,3
0Eo9qT6idXHDMebwmvPA,3
0RCcpJ1DuKNMBsaQUgmA,3
0VLen4rGI1wNjOqzyZRb,3
0xUc2vRzyYtqFa4VhLnG,3
1dxLT9no8t6fbykXEJiR,3
1kfhXMSUYKtn7uciR6HV,3
1PNSFdXH4QYaky5T0n8Z,3
24NSkH5K03grqedBQM8T,3
29FZvBJyX0GbnaLAYeKw,3
2ECqL8au6iS3jNJDoOdn,3
2EkHfwNj5o7JcDq6UzuG,3
2Ep7f84CvJDn9NwMHBPK,3
2HNmJG5tcI7aXQsnuvpk,3
2IUJrWpZ8tboCh6O7aqv,3
2zyuIDkXNCwY0tjdTqfH,3
30259LfMxFdATBcqNOi1,3
3a0lJWnNRb8QIxVHALGd,3
3MGDnh5cf0wS7tzk9upR,3
3ndoEVSf9cJHB7sqC1XZ,3
3QHCOA5dqfPTescoWyan,3
3rt2gI9JVaZcTQGyjmbk,3
3TDhUPRqnKiQ8VpB6oCY,3
3uCF0Mmy1oSeHxbtTVnY,3
3ufcA2y6mtDTZFXiIoL8,3
4GrZxOBKvSPauIDVkhjt,3
4KAdMvSOYoB90Hp1Wnac,3
4LsvXaUIKgdBoi7CqyrT,3
50iq3CaS7H1PDWetAMLR,3
57QmnCGYe0pdIy3zTgJ9,3
581bD2ouMmKpySGQszri,3
5EOL24dsg6HQTacvF1Gf,3
5jFCygSHKY36OlsxB0pW,3
5mr4z8KW9nvdyVEY301J,3
5oPeinbtXxkGhqZf7EFL,3
5vOq0aC8JlbRBVDXcmFL,3
60DUJgelq3snQhyT5bxm,3
69jlRk8g7VH4hXypdwU0,3
6fmGMN2PtKoAR5XkwZaj,3
6mKG5UgpFBOYCdR3Wz8J,3
6mlM0bsRQHnPwUJkEvN4,3
6n492zCpNIkbrcsGyVUj,3
6OhHNGdUpoi7tv0k9qwM,3
6QWNYDyohV3R1lfMCZI5,3
6TwA8C7RumbeKOnN5XZl,3
6vCzcIJSuGOTmDP2QVLF,3
6VHLJedU0IhWOs82KBtA,3
6WIpCtyaKz4T3uqOxsDw,3
7lz9eQuHKTdVIfGYMrUn,3
7PZmOnTke1EJh9I5yijz,3
7qBpIPJl0DvXnuWAMr6i,3
7vhxTb5Y8IVO9wHBfyq0,3
7ykVQP3IzRgKpN95olma,3
86zwqdmPOQucFREIM1Zg,3
8AHh4WNQ5qYokKIXcmM7,3
8Ff7vLkS4YjwlDadb1R5,3
8JqbzxWR216yr3Ptgems,3
8radu4yWPiZsAQC6bJSK,3
8WHGOMuhtDdw69FACxEJ,3
8XTIgZSVM1UCWm49iv2K,3
9dYh3wO2WUFAH5f8VyKQ,3
9v7VZlw8cq3MR4ynQtgD,3
9zbitD6NE10I4FjdgJvV,3
a3BszoA7hXZc0EuHjmwi,3
AfYhFaoTP9LyZRwBtm0x,3
Aigal5hnywEbjpK9vNUC,3
AJ3Bb6XsL925OtWelfUK,3
aLG7QrUD6WOmdNY5tC3y,3
aoBnFI3NmKzYylct2xr6,3
ARaMSnYZ0XzjUg8swodL,3
AVnuU7hweT2kJClBvcHx,3
AZ7UkGtyNfcQoMLpw0rK,3
bDUGlrBm50yogVwfuPJR,3
bmOjLhGfn9tIgicHVCEZ,3
bmrB2ODR0ng6QwkCJXUH,3
bNPGwyZxT6WzV32sekY7,3
BWkM6V0EzUeGaIOCqH8y,3
bxcTstIeJfgdjFLnVaG5,3
By43LOPkYhDjrGTg0ien,3
BY8w7dTsS2GgLR5pbMKj,3
ByzLS3siGOpYK6wEut2d,3
bzDB7QwxH0eCMmnRSquL,3
bzVp2rDhyOvx4c37gmuC,3
C0YjaU7beAW2IzcQVtfr,3
C1owXSDmBaq6hHzyGQJ3,3
c35p2bKLvCUAko96VwdI,3
C72k53xiYKHAWTPyO1QJ,3
C9vsf3VBgmR75ylqGJpH,3
cBdnspEiHZCtegOR08z6,3
cgZEp2RhI0eKqPXuYnxw,3
Cim84euO1FBc2h3kXfyR,3
CJkN1h43dxvcy5DHImFZ,3
CkOT69iQsaLAGq8mYEeV,3
clkRCKEyz7Irxd2Go9A0,3
Cocz51rsXakGETheDUbH,3
cpW2HoJgMx70C8ETSfsZ,3
CqoxfaLiM43QWBjgmPR9,3
CrgSkfqcMliN7s19dTFE,3
CTKbnhZkRy7AGstxePSd,3
CwaO90vYBFn32T4uRMDA,3
cWQjCi7fIb8BU0tY9lXp,3
cx8oBU4umOdjM6LzvNl1,3
CyK1D8bjpc43Px9Sfl6I,3
czt8O5XbKRoYTujW4qvE,3
D15rvTd9HeWUSiMXbsuL,3
d7aHABNQz41Sni2XyVUJ,3
d7QPAmUKbcNh3xFZjivG,3
DAa96Hpgn1Qfjd2mFCrE,3
dAe1HUpVzKomkr6vCLGb,3
Db6Vg5QfaN97KxzclZjt,3
dCpHJ194WM8ecNxTKGur,3
deTXH9Zau7qmM0yfYsRS,3
DIhavCQHTBOkisxU9NJG,3
DkYXIHezSPlB5Gdm8stF,3
dl1Rnu3LjSfcbJ6VT5tZ,3
dN3DR9xeJwyLlHFo5sju,3
dSIY6QxZ4tXnoP8lsqmb,3
dv9DhwK6ClXYcZkg1rMF,3
dVo7TPLcFQvOBx5kn1bR,3
e14oxuL6Cb8HO7d3zSqn,3
E4r0jbMGeABRC92Ucz6l,3
EaKhto2dq3PArmlpM1cS,3
EJOGkzrY3FVAtHgmKicu,3
eM39XrI0GpTDhjSyQdx8,3
EN1bwD7ijBKfq4ochpRa,3
EQZuSxaCGw4mpAKycjLV,3
ERIA3GdHwjBm6oVL1hJX,3
EVYzBCh5WsU7RbHMgvFK,3
eYCKNDlUQgs6cZOuoP4j,3
eZjWiTlI85zsSycCfGMV,3
f3dQVpXJs8HceUMBGLPk,3
f4FGZxJb07UsA1LvYpew,3
FBcvGM3EmY8k7DVAzsWO,3
FDJZ0EIO35C7ohn6zTUi,3
figPlLtepGyVmDwXExc6,3
fJYw618qMLlRsU0BeZGp,3
fMCEj5tSwasRNbJepnuY,3
FRxXsQuBCKOgewT38iz5,3
G29ao6i5K0ePVIxDXEJh,3
g6HfkWlVaE8Aj5dGSOZN,3
G7DQnb0fcE62usXeAmIN,3
gA94Fpfcq5lRMvmkKXYJ,3
GAFXJNzhQ50rMLdt8p39,3
gaVPCzINmME7huA8cjR2,3
Gg4eVh0YMapsJBPSZCn5,3
GgNDAxu4rSEsTMaoUczR,3
Gh4gVXZBCHSkjTDLsMlt,3
gLKYVXRSw2Fv1zcPAeyG,3
GLQ3Z1O4wCebKFV8A5z0,3
gQcxnGXHDVTCvz8hyaO9,3
gwEG0RDkZB6Xfru7JpVQ,3
gx0LFiqO3C9PIWDETRpG,3
GxcE1XCeU35zwFIy0ALN,3
Gxk6Z5edAo4tUgFD9OsR,3
gYq9lthHL7vVfTSUBo2P,3
gYtamL8EyZN9Bp3wTkQF,3
H7i091zy2AOYnJvPwfxc,3
hb9uKJOr5i82jEymWofH,3
HC2Q3pvFOGnSTBwk1cl0,3
HjnGJ4mAK15irOcZkRUb,3
HJux0O46yzU7XF5slVQA,3
HlRnpWyuP37okUqjdhC2,3
HmyrPzn4LNuxQetUMlfK,3
hNboYglQSecVZ1LntIGf,3
HnfBWZ6J3L8SwVNdYIgr,3
HsBPlS0KdTuUW8Y3nF6C,3
HU9Fp58PbXvVDqIm4t7E,3
hurl7S8UwEACeDgOBMYx,3
hXkaQsWRA4yLtomnPTUx,3
Hxmc6Yk7XuZsypBWlbDz,3
HyG52Uc8FNxgk0wnXpKY,3
HyGZgONJhVT2lqb0tjwF,3
I0omgqZBxXl4iz96HUDF,3
i3aXmKk5LswFcx8dYbBN,3
I54GcmXZYf2A9bv3d0Q8,3
ibds3l6eYOnAuZTFzC2x,3
iBIGzWL1AFKxqUrjo0Sg,3
ICO4eZHTXFUnDo7NPVRr,3
IDiWpOxNgsJ6SHyFCjhb,3
Ik710wQjPu86SnEpXNKv,3
invl0ZhpcKaBLtyMTsfx,3
iwNno6KJ07lyFBVgfebE,3
Ix2UVrZuDXJE8LRyCjmK,3
IXcCRNnWtATu1fsQ2qaG,3
iZPHLa7FsKXpwDTYkxCo,3
J3Z47eiRfVBUtdbrODSK,3
JbaZC7Fdx0rzD83LEghm,3
JCA6mY29clo8LOGxaMnT,3
jGDhfaCXJUd6tAx80n3T,3
jgvqdXTZ6pcAebO43NxF,3
jhF9uVUQXrSw7bOt3Jkg,3
JkcvVWjUdD0OTuSmzA4q,3
jq7yDM0YvURn4mlhtec2,3
JQbyODV7raAtZHldLfS0,3
Jrq5tba9sMkDvpe3EdXK,3
Jwy0VUxr4l9aCQFNp15P,3
JyBvdherH16jbUktYL79,3
JzjCVcOdPxXeqAinuLFp,3
JzqSF8afm6XETrWbLpHl,3
0qPGt4cRVk9NoiJgubf2,4
1eOaAY4fpV38LIdhxl95,4
1FacC02JPfxSdXeD7MEw,4
1gx83bLB4PSsYIKCTlZt,4
1PQFYMSBLAO9TmKk2Zhj,4
2icwOdb5xCshnIvMXfy4,4
2SRWXLQomgJyliq3G6BM,4
2VhINMP4oKmsnjZkY38U,4
2WBAlcgeu4zZbTNy713v,4
30htxi8FRcmfUkInewlS,4
32r6nRhN1UCwtFTfy8ZG,4
3nowFMmKJAkiNs8CaGVb,4
4AGv29WBlocjZiPIKqsp,4
4aMbnHlA9es8vKmOFR2Z,4
4QCBDTJFskOqox0H8XIL,4
4suKxkVWNqFQZLB5UfXD,4
4vNDlExnr0y2mFXUgbz3,4
50fz3EgBdYQKMjvinR9w,4
5JfdLYbqX8oFmD1WTg97,4
5JLHiDhkzyYPdTeuMqXb,4
5qQY8mHGLFA1pZgWPOXM,4
5QvCJULkphcYGge78RNs,4
60vgAOVtBRdxTMisJw5X,4
6cYUST29aReytkJO4zXi,4
6FnbGwkoRmj0ltYiPpZE,4
6gHI9qzDjmLhd4nWS3oi,4
6HdwDkgvEnNh9cqlyfR7,4
6tV2UrOqmFoGua380Rhd,4
6WbENDkcC750euPGqApQ,4
7c06VofO9jp8dkSIunga,4
7DSdcK2ZLkFmhlXUpzJw,4
7eJywSFZtf9D18RxdTUM,4
7GsWJqlM3kCt62axD5O8,4
7KHscjvztoka0QpqYFxb,4
7LCKOhHDaXRbcFwxdnz5,4
849LvXpTdqesHuxnwfOG,4
8a3GEC7cPKtx0lI6qYvL,4
8EQSs7XKIkVNHL0Z41au,4
8JdntIrPBj61FRx39cfb,4
8KNqArVDfusEobR4Y0lO,4
8LFCXHZ2TMdNhc7aUAGf,4
8LnoxdfArQiIbvV59Yyq,4
8odIrLKhPvcDWNCVasUl,4
8wy0Pnkc3eJBq1WNSUFG,4
97o6x4ZILtD8bJsd0EQ1,4
9CVbzaWsLvcHjPqZu2Q3,4
9etf3m1LnKEFTNoSj574,4
9lHyVeXERtIaZcL4kWqM,4
9LKBIVulpHtRfP2OaTAZ,4
9M6r8hsleUKTmvfB7Yn2,4
9MFzgoiD3y0BXQGdY8vq,4
9MKSaiLY4AtGDZfvRQ1E,4
9ml614yxaYqeibfruLWz,4
A4VuQZbt2oGyOkUcvS7W,4
a63qScpsxBFJtAXjd1nV,4
A7QialhFt2kLjBGXw5qI,4
A8hKH57o1Fj0ZgI4q9QX,4
aeS2NqfM8tWdDKUsQgR5,4
AgSXb01HILY3mVwfnesd,4
AiaszSGJFhg0wbtyR8Op,4
AiTGE0dPvU4JH92LYoXD,4
AlNimKRVGWnbq7X64jfs,4
aNRflB3AsYTuZhWHQL4z,4
APpjKbehBDNIHXuSnO1W,4
ARIuhH95Kori4B8wmQLM,4
aRSepuWwyvZLgfXx8m9E,4
Atpz1WjXkcIo7l5TPh9Y,4
aYvLmPcHznMh8w0uFDkA,4
b6ZsxrcU9oTlziSwDGVI,4
banLTf3rYzPjOMK1osqd,4
BdDpAUVrf32Hwm5ex74o,4
BiYN91OHbgmVJnjuDyGk,4
bsdFLWce8w4kI72U6hS0,4
BSNsRxEFa4YU6Ov1iq2I,4
buBXk0VawKfpYLytPxFj,4
C3UeqDSpcyuTg0WsGvZR,4
C6Zatxj5GlUqs2L0HPOn,4
cCQpIf47skX29OJxaDrE,4
cDRA2GdrqXYfoNaUMJg7,4
CH8Yj5Nhz0oVkTc9mSJe,4
CJd8AaX1f4EqUVtj9Won,4
ckaHuew6QN1dhb07q2V3,4
cMDuGY0R5UbhJNtkHnq9,4
CnhXYK6fcAieFjQgJ4Hv,4
COz1qc0Ds7RHkdbQBwvU,4
CRYTnotb5J4qHfviU2DS,4
CUomVD70p3O8MFkwiTsd,4
CvdWjIn9A4GkBbp1HF6T,4
cw9MqhojugmlnC0iY386,4
CZERL3GtjlXBSK2QidO6,4
Czgw1rG4JPoV5ksNDuEx,4
DAJWPTcYfBXlRz6oa8m7,4
DALwrgpdQcolMWVBzb1t,4
dAW1p8eljnvTZCgtfYHa,4
dJjQbDGsra5i6XzkmWfF,4
djpZOCDqxPWlhFrsXk2J,4
dkavAF5rQz1TX4O6SqhV,4
DQJfl0CT3gvt8pbMqHyX,4
drTJEXDQkP82ueAgIitZ,4
dYAObu2FDVoXmvTt5UjG,4
e7cuTA6PjE1vU2b9qHOt,4
e7FhuKwUW8LfMA2bxEDl,4
EdT3lQiGHbzmrX2L1NgD,4
eGwk8W6m4NIzsAaHvfx3,4
eHFQBbSs0P1uT6Ljr9x7,4
ekRZWI15vJCVP3iBYjld,4
EL1Fnf4xam7MObJ5DgYd,4
emfAXPk3uGVwRaCF9Zgh,4
eoYx592qRyF10HBdaJ8L,4
ErlsfYCZaD0tuLjSo8GM,4
ErYMOiwT8h3yqvfkm9Pu,4
FaKJdlpSU10sgw7jmQhe,4
fbvWPV2U0xQ3TpqohAFy,4
FD0QUxGhmurO9Y6bITAj,4
FfmsbQcv6V3rGdDLBNXM,4
fJNIFnjPxKEvHemRBYsg,4
FLjUoM3ahgeXQuRmAS8O,4
fmEhB62Z9MnsSJX7bRAQ,4
fMeiEQ4BrOm0dCgY71Fu,4
Fmgw4Qj1asTx0fS6Hvb2,4
FoafOZJusw17CRkz4Ul8,4
FOCwBfNrL3562sRglxZc,4
FPBhOUAvt278Dop9armX,4
frgtup5NAaT9qRVDj4hO,4
fSn3lMtv0pJWIKLzNxeG,4
Ft0dsjHpwqcWoXK6ST7n,4
FtBHiVSc1PAaxelsC7yg,4
FU1p8GJSVXAry3e2HMwn,4
G54U96frYb2CLIOSpMyX,4
g7sDFNXIqYmCMkWOpPrA,4
g7SQeJHR0IGrqBzfumlC,4
g937V6FUYlT0PybHMEin,4
G9jfR1PvIhwMx2Wts43b,4
G9tcxvXL8sZAjU72zYOg,4
Gbs4cQpR5JWdFhBIVKHl,4
GeB24sD0kRKbZFrSdpNw,4
GHyIqK3kbD7SvBftzaYo,4
gIONM8E513LYstAjyzWl,4
GJ1tcdBHRUOMILq3soiZ,4
GjiUIwTP0R1r8t9SobAY,4
GLrQbRUluV0qzahkDEms,4
gNBSR3AMjacCEUOKFfhW,4
gP2lDJxn9mFV5U0dujbs,4
gq9cv7lPXyzBDsY8SfVe,4
gRZ9nxcONPftvzDCyKTQ,4
GsAVzyD4hUnebMNvJFxc,4
gZyCkLSlHf0x35REWhjm,4
h9amYlEipKOJtCN25uvB,4
HeJ3ZCW4yLRrdktsnKo1,4
HFQTfjJp98VMhYeBrkmd,4
hlmIHcydkXi31VfWpTG7,4
hO7VJNqLIXrfFmZAyeMd,4
HpMdj30s7EDPkiFLWvYy,4
i1OyRUG9mCvIZYD6olNT,4
iabhfQKo2XPgrGpdZStD,4
iBz3MaqYb0PplxDhgTCN,4
idDSEvTsVqZhI7MlKnGu,4
igyFEdlJtGwk8uT2rnNV,4
IH0aSRoevUGE3k9FDhJA,4
IMA4VZEdYtJ5Pg0bRwLH,4
InuTWEf1OgdiQD3lRcHz,4
ireBgWXwZGyvjU9aR7P6,4
IT8nb7MvO5QZptGjNasH,4
IVk2Scu69wdmQ7tEO8rY,4
IwNUoFX01y2aBL9ZmObh,4
IxVpXTyfqWoj8ri7sMSc,4
IY9HnrhqPomv3L6bAzeX,4
j2pzLZUsYTlKG7bVf9Fk,4
j2wLH4fBoVF7rJK0ks5t,4
j9fqwK78kFxmBWclQh2N,4
j9xpRuC3HiYyoDlQ6JFO,4
JAB5De4OMltSf6IKHo3Q,4
JbzyqeI9ThRA4LWQN823,4
JdKvufgTtHEU9qoMxFSW,4
jEZkrOP7GayNmiXdget5,4
jLtKBPl5Xk6peO9DWucy,4
jRwZmbJetAvIcqKVYDrO,4
Ju4nWgOCHXBlyZmTo51e,4
jV8cSxM45pXgW7JPo6qt,4
jV9q0Ae8pCmL7iGRDv6o,4
k4x01p8qFl7i5tbSBDJf,4
k7pFAZu4qLvW3o0hNHPf,4
kCyuYhjLRZU7XF52NVzo,4
ken1LRYK7B4ryGmT3MfC,4
Ki1pYrmszFSjuWUvHIqk,4
kS8dLUGCRbajYvJZyDPe,4
KXy5fwEeZon9r6bHAvRg,4
l06yuHvrqdzTo8CQeAO5,4
L2PXN61rS7ouyCA4FR9U,4
l387nbiI4TU9LNMQt1Fe,4
lcqv9STBAX20houtQnR3,4
LejcaXxAEgC31WhlswQ2,4
LEnDGzVIjHaqmrPMJyR0,4
Lf5U8qioZ9yOkjrGT37A,4
LfVY3tPrRZHGQ2SdJm5x,4
Li5YIMaubo4TWtEV7gxs,4
lkqEXK4NrYSseRTt0Gb3,4
lLvracbzqACpwsUtnuHh,4
LOqA6FX02GWguYrI1Zbe,4
LoWgaidpb2IUM5ACcSGO,4
02mlBLHZTDFXGa7Nt6cr,6
0Cq4wfhLrKBJiut1lYAZ,6
0sM2atqTo48GgnFwhQXu,6
0VnTurd7B4YsH63wUGJ2,6
19Emlw3WgC2O4iJknVtP,6
1A7UqoIMrxHgVuW3FS9c,6
1h7nkscUw5lDurHXPE20,6
1rc8uNR5MiqVm6Do0xSH,6
1sVJGxyIi5AYblaRtu4e,6
1T0BWPoJVtNFzsycKhlr,6
2jHV3wyk5aDGBs9SFCvW,6
2wZdP0yYzleC73s5WG1m,6
3Cb9mdkictPwsSOTKUIY,6
3dTW6tCkHoQyrBAc2ZmF,6
3HJ4foTSEmRz6jXPwg58,6
3NkDlyOHUWc2Qjzgh9dV,6
3nxujXtip8hGHb6ZQdA4,6
3UBNSVDERQHw0cGdsWrq,6
3VdhPHBJMc1nzEyqARWj,6
41o3zDTReYVFtpOB7EWl,6
45aTQcuSVrGxZ62vHLbw,6
4HqASXIbximkfN9TygZn,6
4jKTeHu7YgAhDG8iBoxW,6
4JlgupTC2XdIvxE1oHjq,6
4KmZOnASsyHRUgVkw5oq,6
4KWOXqY1owuJMjUShbfr,6
4ToSq9HwhD3mBVuKJgdF,6
51qVyQZvcFaz89onAOBS,6
57U0FfqsXtBAj9ONKPWn,6
59P7Kv8cMforuZUpVQnY,6
5Kj6AhNFgwEU9aeCXTOy,6
5MrYiQtEc4lwyBRWh8GJ,6
60q1Io2usSnJWyNpzDlA,6
69MHIoldGcUTvxEOXJyw,6
6dthzN459qegiaRAJcjP,6
6fQ8rLxmDzpNIGvAl3Ho,6
6Gl3BHUfNtrFQv5YJOym,6
6iWV9FBp4nHOu27coSLw,6
6JcOPhsUjbfXgnoQaHyN,6
6NH7fncljqxP30hOriSw,6
6rWRQ9oPiX5B3fusHOG0,6
784QCIkhOnwcRvFeNDZr,6
7QNAUrmZEql3XR1I42jz,6
7qvZykasB4CizHm8EIhT,6
7rvpSAIkeV8TKQDi0lw5,6
7sNR0UFCQniz8vbhVpIo,6
7uUlDKMXZr6aQmVsLzO8,6
8CKcwMWse2LIa9tkhGXE,6
8jX6hZi1mQeASB0vwIn7,6
8Nvh25eKPxn6zEdf01AR,6
8WOdj5swHa1A204fNyU6,6
8Z5zugCOx3cTB6ikpbSq,6
93hSUYmZjMsVpPcHJRCo,6
9DiHIregYkyCL3lzNvtJ,6
9kWYKpxTBGXd13Py6Ulw,6
9MUbAjTmtNyZ5cLnlxRg,6
9PujO15SAeBy6EZNpanJ,6
9YUP4268XrNQmCpzdf0i,6
AaNMcn6PxdZX5lwfz8qr,6
aDMhrzLGy1bKt0s8NvVg,6
AdTYlL1J4j9HUiy87Dmg,6
adYrf7Jq8tuID9pVzkMN,6
ahPOWpeHdEkJV4BbDNlT,6
AhSJeUwl3tMBr64LZVGF,6
AKzFf5dE2PxtL0YqXv7G,6
AmHfokTwSZI8QhipvEDq,6
AncaPV65W0ugYNvEohMU,6
ArTPy24mpUtMjSYQGh3v,6
atsrDAlNJZBh63Ckbpx9,6
auQidPmlt1NneSZ7FRjs,6
avEsqegSVNdCUIAX53cY,6
B0vrgthbJyqlNks3UXIx,6
b7gT9EzYN5fs40cJX2FQ,6
BDpyWqHITz950E3Q8Mf6,6
BEcVolryIXTuDYLKbgGj,6
BK2Osv0kr1lnCpSDUaIf,6
BLUqHvpdaytR0E3rZMu6,6
bRKkovBDCAzcZfNJ7LWH,6
bRleFLPfA672tpnWVsdK,6
bSeMuYvEqX4a9J02VWl8,6
BShUIfCj1Z8recsNWYT6,6
BSvGkbzOdgKPyRNhwjf7,6
bUtG1D8cgh4SzifWksaH,6
bWDzeRVOdvC0L6F34EAB,6
c2WbVqndpY9mhHXgRTti,6
ceF16PkfygJMzpHvDOVU,6
CeMBQkDHf3rcTI0AaSh4,6
Cg8vhSQsrO2Nw6tWAUji,6
CGtMcxADYKyHhnTrebkz,6
chAu06VgWqvZ3LOoaEep,6
CiTx6mEeoVk3sb9fBFIA,6
CkLqJlgnTZ3jpIhHs9MD,6
CkzYDnrHsLQpKwhfxbU8,6
clDmndwYzEaRtyrQusUJ,6
CLJUMfrb1jF4VliXSuTB,6
CLpFEnA496yoGwrdmz78,6
cvAsfnPdeYD5prT3Xgh8,6
D0xHyj1fV5sA3tN4JL26,6
D3P5wso2J0hYbKRIWaCL,6
d7XHlwrYtyQk8CNIa0AU,6
DaZMVyFxkg6QBRnHILl5,6
dEeZWOx1rz8VsJ94BuPg,6
dI1vM43Nq9uSAlZYCoV2,6
Dmd0CialNW4ROkqXuvwE,6
DmlqMd5Vf6AJwIcYENLy,6
dN8OJEu9iqsXotfPkaDT,6
DNBtPALuVrzM0Cd3mwcl,6
Do5n1Kjei89Es3CuFGqg,6
DPE5t3oT6Uu9mZIHNlKh,6
DrSkvafcTm2A4BNzdVUt,6
dUfv0TkQX9qN1PzWpcFl,6
e10PUY97MwByIDjA8LEF,6
E3byOtrSIqhfnYPQmLkl,6
E5wAy6O7Dp3IrsukthZS,6
e9M8Qjno0aqN3HhLZkY4,6
egLap5DYlIPH1FvB69Gi,6
EOeh6tPNzBog5vQRMF0r,6
er3fFEimPIGXOdHL4tx1,6
eS8lzGXw3KYrBUnhm65a,6
EtTS3Gokxb49ghP8daVf,6
Eyp1hkveqJKYwHmdXViM,6
EzZBAe2N4tSm0UIHcC3n,6
f6FPyliIWB4swGUQDT8X,6
FBUMp7LZTP5SD82xyAWG,6
FdCMeDTY76jcz1EpqLhQ,6
fFIa93ZQJu7NSgxLpe1q,6
fLUpvqmYE2OskXAB8jJW,6
fN41R9SVgavu6tQ7lreY,6
FPG6AxT0SdX5eEfMiNbj,6
ft5WBShKzCA80vTxlXEa,6
FyVRginQdtTpSj14k5hf,6
fZ3jxcniKrs4CuNySzL2,6
G872A1ZdEnxBbX6HSYTc,6
GaNBEjUSeVQFLi3mcur9,6
GApUZMLD5BgbES0zrcYn,6
GbcXlTxkFwUSD0La8Ahs,6
GdyzP0X7hR5juQAVtL4J,6
geWrd0Rkc2AsuVBJESwi,6
gfrQ2UK3LFvRCMEop0Yq,6
gG23n7f1CLM6mZSrjIHb,6
GK590Jem3FA1kspq7PoO,6
gk8xFmXc9QyVId06tvlu,6
gMnlfq2FJuTr0dexUNO7,6
gNOcktmwv3FMZ4TH02EJ,6
gQePb628SxKWtsRZcFV5,6
gXHK1mV3DGIftCOyrk5h,6
H4lKrjuZUTVAsgiz7kFS,6
h5ZBNR8Ag9YMIdk0Plt4,6
h6O5H92YWwJ7r1pRELge,6
H6WRxDPro0tUmKV3pnOS,6
hCB0gLKbrE2YTwa58Qk7,6
hdGzSti0HYqTLaZ4lrmv,6
hgGqekm0AoFu7CZTnENQ,6
HKD6kbY482MvpV9saOhi,6
HnAYP2v0CXfpmdBOIqeh,6
Hos7LWmZR926VO5Kcgpd,6
hpqvBuROHrncA5E0fxjy,6
HqFd1seJ8IURTuwDbW90,6
hqw8ogsWNJYEvS7c0BOk,6
hUswQjfHbyK0z15ZPvix,6
i2BcTkGozeNaIH8uLFV9,6
I7LJAB2rbs1XKMYVmvdx,6
I908mGcdwzlf6oS3QOFT,6
iFCQuWqZXf75M1rwYJsT,6
IgAUSCnimJ8erwFljDP4,6
iJv4tyTMw2QR7qIF1LUb,6
IlSeoJ68B1bWqwd7kvM2,6
iqS2Jm1Iv3GCEUpof5ua,6
iTxBuDhGr8bFeHn2qQ1N,6
iwJOhQfj1vm6qbGcE0ZY,6
ixTICoNORELUk9wlpGa0,6
iXvRMOL7t15VljDfyIPx,6
IYACa9WBVQESgJTDtfXh,6
j7EMTLk2BV1upcU9tgqa,6
J8pNXRP9FacnW7ivEYKd,6
J9vHglnKXhiYD4716GWy,6
jAVrC4FvT9kpaIEY0woP,6
jC6QJ5RarVUNMAfpsnbw,6
Je7HmzKCW1ocBG3VdOvl,6
JG1LeckMOuCUwIzbn5Wg,6
JHD78B2ZYFw9lNqSKjsQ,6
jkHSGXpMO7iChRulZd5Y,6
joFHWBAZySvl8Ea1LD4N,6
JoU0zHnMXLS3pRCxbFaY,6
JPmXNcrqjh3GeDu5ZnH1,6
jqIy4VhtwkTvFlZLYHAa,6
jQqeMNUahpkbZI18c49o,6
JSYQ5GPfsFt8H0VRDdZv,6
juGVt8nSNeo7OJr2p0md,6
JvK5S9pskb2IaXBLHFz7,6
jy6vK4hB8Z2eYMFXdkbP,6
K17ifkYqXgNOHav8uzCL,6
K8oHqBcZmDrvwJP5UpOt,6
KBfcF596eUdtViub3ZrR,6
KbrE0sglYDaU2HjM4Rh5,6
KcfgCTNF3aMdqJ0jyWSG,6
KHtk3pyb0qUlQr9hJda6,6
khTQWFojGfuKZcS5C3VI,6
ki3Fo5dh6yWAqOCBrEXP,6
KjC2x6liRnkdpaBsuUoV,6
09LXtWxm1EbK5uVqcQS3,7
0b5LqcWix3J4fGIEhXQu,7
0hZEqJ5eMVjU21HAG7Ii,7
0LAXajqhQy7po16dw8Tx,7
0PlfqyKM1JtYZx2me5FU,7
0xfjbVBPYX1pSt4rdWOe,7
18S9URJgMWqua2TZevsh,7
1GKhFnumAdIeykS3rZYi,7
1jinhWv67o4ODebAw5Q2,7
1JuwbkFyUg7T6KfoNEjp,7
1KCvMqIFUoaB6wfOc2xQ,7
1NiArstKkEmMf0vjDd7l,7
1QuMnTw8zc3oWLSZ4KXt,7
28U1hRkQ6Yl57493ZdXD,7
2hwAeJRIM54fmCEaYdbn,7
2IOMPurW3V9GQcbh08jE,7
2r0UYLcKCxnRovpj5dlQ,7
2xlhAE5LO8RFfczB6ep3,7
35B8Vh0Q9k4STsiCtKx2,7
35dbDR8KSIwZNAPlcgTi,7
37Og0blzE4WYpZ5c9LMN,7
3mpsxg2FODqCAXHbMKPi,7
3y7txXDPZ1RneiGcgC65,7
3yALVj1gQbw6HfK4WMvl,7
4Eo8QvuZFWCBR6i0rhs7,7
5EVhC0IMi1dNb7TtgxRa,7
5KESjOTGuqF2or1sxB7H,7
5mTjuSpdDG8k1IBHaPqY,7
5QjzywcSG4XLhNRt8unq,7
5RiZwJtzlyDGbO7uAhsn,7
5XPfYvNdQRIBJoWmj3Os,7
67LFYMBVhdD3Jo2UGRSX,7
697TFDm0KRiZIgB4pJG1,7
6B2JSV7e5Ik8lAM9WqPG,7
6McvAWZj4285L7XPrwnE,7
7cx4QdBWg9wMa2pvOLuo,7
7edjQGTXowvNgS9uVi5J,7
7QvXGmHYhSibDW9IwU6O,7
85m4HMaLjpTxtlovqZw0,7
87zKHh2vErX6McwSZQyT,7
8kVfT5MmuErjvdPsZxIY,7
8nEhOVz5vMCKpNrBRg2D,7
974hJRWKfvXaTtNoqMGl,7
9C7P6vDFXbryOshpKcfn,7
9dbFYQ1xN2cm7pSPMhnL,7
a1mdihQNvLRP4CDr6XyK,7
a7xm4JhCvO9NWVeKMEBn,7
a82KdTuoj3nB9bU7IfeJ,7
AcIxJCZRTFUpaHove6Qf,7
acsNRgv9KxMnXAE2YSI6,7
adQni6wWvTPIkf0xsZy7,7
AJg4My5hRiCSOeakjtxX,7
aKQpObrHFW6ymA2uwdXP,7
ANPyxi13XKGvsF5zlQqW,7
aQUM2OeWo1PwkhzsXv4x,7
AtjeimUnQDzEqb6TN8cC,7
aUufGnCVsQDZogv7wHiN,7
aXbDi405xeqQynl69Yk2,7
aXnIKb9Cpyd8iPrZ4qm3,7
AydrZmxNDPoiRfbvXCW8,7
az6odA7FxHkJY2LImbt0,7
BdZYrUSpnXvyITwgOi4H,7
bE0NVYRysImfe7whcUqK,7
BEDxazQfwP7s615Vdvpi,7
bghZNsw5nk9KBIJ7F1iA,7
bipFgQ8uwHkO9rnRfWDC,7
bJvcld8YQ9OxDAnwtSfp,7
bMZdDnzxyquvFwS8J6KI,7
bRoM4EpjukSGXwAlZ6zn,7
bSKx5RYr13dPteiJFgmU,7
BsLcIW6ren2ZUDX74Cbu,7
buqKNv0RSThA9sF51MZe,7
bZz2OoQmqx0PdGBhaHKk,7
CBg8aqJVTF3uonOkdws4,7
cDa5BKpzw9GqnArQfZ1L,7
cHbuRhD5wCrTyNjBtFM6,7
CjRMQY0S6LdUWNGaExPJ,7
clQSzZEWDvJG6mNV8HCA,7
crOuVx8jI6DARFmhWJlM,7
D5IFWSHNBGQ830htKavg,7
d5ki60fcbqeH3SvZzpoB,7
D9HGru6N1npYCXcIy5tS,7
daYJhP9jKDTN5o8Z1b2G,7
DbAU9EVq0yd2C5cw1ihM,7
DhWInBmVuLfEF18YRPHZ,7
dK56GMJjTRAoaZW9yOPm,7
dkKpMxca0OQmUTFq7VyD,7
dkX9UMse72OSJN0Ewtuo,7
dLKYot9Ix2Bib1DZerGg,7
dOc4AD20ltIzKYHCPNFS,7
dolHJvDGFs2hk4LIPR65,7
DpNvYX1qedHLiQnRhF98,7
DTpxgrKlodtZfV7jscJq,7
DuSE7AmXlfTHU8OF0aNI,7
DwOFyEfhlGeMU2q0vbZa,7
dzValPwcOHZhJISqyp8T,7
e4TZIcugCDM50yiKWjkF,7
E7MyKF6Tbj2L98GASrYW,7
eBkv8KYbUZfERHn3Lucj,7
eDyLCi1EumNSnI5dqa3G,7
eigPHkQWn1yJ8tpoAXYM,7
EilXmdUb6zGBJWk9T2SO,7
EjLnZ7ke8hyYIqxlJXD5,7
ejWZLdoSr0vAu5JlaYUV,7
ELuV9FA7IjKXR52NrokU,7
ers73VJzBQHoYxilUdt8,7
et8JFZUipOPKBl3DsEGo,7
eVX5tAiMkBW6TL9HCJcg,7
ewsfhA3Dunp49SFNMoVR,7
ez3yDwEmqdTGY5SMv9Z0,7
f4BqH0J1xLkYKI3TEQWm,7
F58JACMhQPSYrdxqBW2p,7
f6OSXzVv5aDQPjGYrEA0,7
f8NM0viCIaxQbBG1c7rh,7
FDHjobQnCUSs6atXldJL,7
FGCV8wbAuQp1HiSd7kvm,7
FkfjQ8g7dPxXi9nL3IRM,7
FlnjSwYHGacRZVz0J1NP,7
FNRvlymt10cLEBADOj9u,7
foWjCIUpHk4tEruJlBGc,7
FpJWSLn8DkwZKyAG9XxM,7
FQLZtVfKGT83YewqPjiI,7
FsCzyGSN5qLRDgxh81if,7
FXGvem2ls1xYbt7rkN3u,7
G3QcJL0nO9qCtzNpKFVI,7
G68a2QiCMsvf9JUWdlND,7
GAc5nqRb1NW9IDwCBvfK,7
gCSrhptYyd6vfQAZXcwE,7
gdjL7Gu2qxoX3OHrSkWQ,7
gDsZ7RCYM6vW0VT9ENzl,7
gelhQLoiRE0HZTOI2fYv,7
geY51xavJjMGPbC9Hikt,7
GF8K2TW3s9QUjRzxbr5v,7
gL7OxhdQVZSXPsGAzm46,7
GN8ZQjzWfKBYUtH1ehM0,7
GpdqLhNUiH9tZn5zxTEg,7
GPifvoxhun3rNgwZ7VQS,7
gtfUJnxsp1hbBlmeSiL9,7
GTwAhvdcq2zjZBPEbWSL,7
gUSm1WN6PBYQabnrLs7h,7
GyRxVEwf1DFl5jJrsZaM,7
H24gZfhreXtDJMjo1ISx,7
H8sU2tgdBIyEuOr5Ke7X,7
H9tYbAiz7dZ0WsM6PEm1,7
Hf2WOklmDrv5G6cEba7h,7
Hg89VOKL6ZYk5oSC4cMU,7
hmxjukz4UBqMPf9Jec6y,7
hNKoiFSWrHegX5pnvfRA,7
HqwX8R5sQb1oVB3uD67O,7
HQZY7q3BvjlrANFkcxT8,7
hTvkHcPfw8pLuUA2S53z,7
HWhSIz2mFVokMc4E7CaQ,7
hZ9FgpT4IDNx2mEi61r7,7
I0aCQZhSgGr6kTnD8Lv9,7
i6GulvUznIrgyAjRE4YW,7
I6pNbzORLrq8uG0cCJPi,7
i89kvPU0R3EXQ1lZhyxY,7
i8gKknCGoFD5tzvVhEfS,7
I9zqNg8Bj7RECDreiUX4,7
ibDT9XVyqJNrcztvEHgF,7
IEfHPXjJ9b5vz7cOk4Q2,7
IGE0k5g4oyYmOKiAZ1ut,7
ij8Lk6IpxTzC4WUH79Gv,7
iLBzkjmPncOKs7f4FDv3,7
IMHkwmYq9OQJ7iVzByE5,7
InKeBl2Tt1Oy0qaLWXRg,7
IQzsyO5M0t2PSqCuT3h8,7
ivrudVW0BGmSOlbqH6MY,7
iXQAH6xIYeLSlCfdmWbR,7
IyjtB6DFWvnTYw1E934Q,7
j04fOHCJNI2TkB3lPVyv,7
jCrTVsM6f9SOmRP8p14i,7
jfn98b4a1ErPWx3thgCN,7
jhgdqC2e1Z4inImTQKvY,7
jIaQr5sp0uDvHFnkh6GY,7
JMaEzg6s2P0n4wSIyulO,7
jMtLuy8lJKkiomc39Ibv,7
jOTtmr8uJvclSIBf1xHo,7
jPwdh0NtUaR9T4MIWcuE,7
JTAoQ9miHalVeE63PdBU,7
jWN2deuOSfDhU4cR6XVA,7
JzF18ftmDC3VOLnIAhWP,7
K2QNGrnBZP7I5MiF9kUb,7
K47QO8LZycVNdTRu2F0P,7
K5WyCRrPOn9bkGfxgY8v,7
k9Vp4RQczHiGXIJ10qMf,7
kcpjm3bSZFrIltvNVTMW,7
KCxI1ZA3oiEqc8Xe4MkO,7
kdmNfXGWslxUa3yATSFw,7
KgiNFPOsZn08u9BEhWyx,7
KIhyTXLF9rMqtHe0WZVf,7
kIpOXia5GrTjeNzV9K13,7
kLaYBGOTINF3t5HvqJmA,7
kMdOa9cZ3jw8GUFu52Tq,7
kMDrx5LS2P864CIwNiVs,7
kMJ8PQiEqdOx1wmF4cKI,7
kN2FUugrtwA3nhWd7bBT,7
KWg8T3NOYaQBF0tMqLm5,7
l1OdNtIKM8Gi6jowZHg3,7
L1OGj5BEh2drf0Wtiu9N,7
01SuzwMJEIXsK7A8dQbl,8
0aKlH1MRxLmv34QGhEJP,8
0BFIPv1rO83whtpMYyAs,8
0C4aVbN58O1nAigFJt9z,8
0giIqhw6e4mrHYzKFl8T,8
0UYATSktwajsiO8LWpx2,8
0w2LlG4eiBfby9JIMZgS,8
0ZAJlqmphO4fjnVB6bMz,8
1GmZULtOThSYEx4sNWDC,8
1iTgmuEOkVaUnhClz2JL,8
1mlhNbQOFU0VtAP8ZJBk,8
1uL0bOdvywrYSTBphUZg,8
1YBJRhWOvlpHx79EMf2I,8
250wWOtELFspbVRJAaNn,8
2bZlmksaBHeNDVnf9PRx,8
2vAZ5dpB7hzci0V9EmnP,8
2wyvEnXdNFbxaAWr1Dok,8
2YiILGOvJNDhl8Acw1r3,8
3Fc2OQgjnfUebXqh5HWp,8
3n1LAdlCtkErg09OIfFx,8
3nyoF8wIxz4g7husN2e1,8
3QvRB7xD6n9kNutKOYAe,8
3SdTQDpt7X4C0NkgamMA,8
4EkPyotphi7jl8g3r2JH,8
4iXduF6eZKQlNEkzp2Wn,8
4OLCEwoqQIRkspZujUD0,8
4tdKOk02GsAmbrDepQZi,8
4XU0IsMdoj31PuckzJ7r,8
53nWYug4ePbS12JtOiKC,8
59npdcNYTD3qAvIPyQMs,8
5ceItS0Y1RjbXrhC9Zdg,8
5GvLiZoCkwMyFfBIXY6P,8
5MduI1Bv3KD0ZkHtm4ol,8
5on0vBVifE9Q6sA841qh,8
5q34Q7pkvTeoj2E6ItFw,8
5t84gFkWCXUQErYsRLcy,8
5Ud7vNlBO9mRQhVrwJyD,8
62lqxRWE40MgbnzAIwtU,8
6GKL8mpZ01qTy452uQsB,8
6kgpyCID8l4Pw7BYHTjM,8
6meYANGp0FbrZU1ou3jy,8
6Oof29sarJPj8GEbnkTS,8
6qU3wkD1pLx42PcgMFEO,8
6RBJK1mgx7UceZCsFQbt,8
6Z9ok5lwEO2cXBsM7dWF,8
6ZviYOFyQP8sReVI2HrG,8
71zK8WqnBXjFkHvscDNw,8
72ijtUXB1aeWoVIdZrcH,8
7Ounj5D9ZaJBSbK0iodY,8
7rA0i63yVHEovbzemk5W,8
7UFMw39SLs8Qn4RuIY6W,8
8a9wtuvyTULYfFjWMIZo,8
8db5LXcqCo9SJBVxQ1g0,8
8FZgAGIiBmubfJcWl4an,8
8lTjbp3rnwtLh104E57v,8
8sNQwJpT43ohCx2MjHaD,8
9EBXSls5MR1IAN4nT2og,8
9kCILoJ4Rp7YsAZngzV6,8
a3SdTUwjYntOzGCKlFgB,8
A3v8cnhKHlp7T2jPWeqf,8
A4Gwv2fplFCVaiSbKJN0,8
A5kpVrwRnb1UKuysi6IY,8
a84udcisW2mPRvrSFk0w,8
A90BHbUZYfQvGI1m58Mn,8
AeblMfUSo28njJVd4rcE,8
aeYfI1yn7sPiR49EW5xp,8
AGgJTSxpu6rR8mayOhDz,8
agqI7DjH6FXER2dNJwVT,8
AhEcNQy9nYHdfzZreoX1,8
aiRmPYXZnQNA509cpthB,8
AIUyufsTl4xF6BHvVpwh,8
aJHlbn3Ueqs5cZQyiKzC,8
alBGIWRODJAXYoEUdz0v,8
amGeXDTwCldUsVBHPqkr,8
aud9U7Xni4qS0cTrmjOR,8
AUDltEPeKbB7mNwduY0Z,8
AZXtyV17kcoxqMWbmCr3,8
bfpQVKGOUXwl4NaZAvhx,8
bMCSsqgxuwhlfOXUKLFm,8
bmQTphu5qdLaNjVcAKn9,8
BPx5vIDXAmLkOiR1Ec3e,8
bstNd5CqKzGYgIyOc7iS,8
bUcAhj40SsfgJPlnVZkq,8
buxytVXCf9nTI6rQNSdw,8
bWMTEq0N6d7KRZhvigGQ,8
bxED6RSpmnWV03kyMLoK,8
C5MzcA6N7yxuQfWDOgoU,8
Caon9tZ23mrkJiRX6S0q,8
cEaWDOBIweu0jkQUNTLH,8
CgImqd6w4TiAF2JxB80E,8
CGjAmy85OhvrlswNZVKt,8
cGv8jZ2BnPMdm64VWeRw,8
ciaN815k3pWLnQX9oGRU,8
CjwaKoD24Jt5cHhXgEuL,8
cNVsL894lE1fh3wDPyKu,8
co48SQZLvCsXf2utnIHG,8
CSqAJat1xPWdzs8Y3mwy,8
Cv742oSZumb1kGIU8YBN,8
cXdSgbQMu2Epl9A7WrNs,8
d9aX84kmhqvL1eANnciJ,8
d9tk6NmEj82MWXIHsTaw,8
dDzqka3oCtXi6WgMuZYj,8
dHhYV16mSsuTqrzcAvBE,8
dJVXOqTuk80ZWBleDc2Q,8
dLuRwUfn04V1ZsDpbvKP,8
DpRqhyeIswlXrdF7YVTv,8
dr5FIgB8cMHx6WETnmOe,8
DReqVt7Hxa5plh8v0QP9,8
drj8265K4UhucxtI7ERX,8
DW4JTXzdAu08aLeQOFPt,8
dyNkotjVGpaX5gfBx1AP,8
DZQHOmU7IVc3KWMbzJCE,8
DZvJ1nBiqaL34YSwo8k0,8
E4TwNXeQhOyCU6iDR31c,8
E9ATP2FX0oOxw1JkMQr3,8
EBRwNu9TxKmgzSjvopsr,8
ecVFna7rh4PBNKHoMugD,8
ECzKJTQ1pj6PDIMnXx40,8
eFEsN65mlqoxkhUTKCXy,8
EgJw2tGHKzZ3YeR85aID,8
EgymHkwfrqWDp28M7dJe,8
ejd8D3QOiaPBtfCvlskU,8
EKeIjqfa10JmzunTXciN,8
EoQcKwn0pjdGB5LAmSCa,8
EqyvbO9ki50BDJTaKpPI,8
euAfyh0HkFiaKndptmsJ,8
EudLvJYRpi7K3r5MBPnq,8
F3OeacGAomRBgzErX4nL,8
FdSyWHUrZqeo9aE1mI7O,8
FevJpgHqdmc4RZT2fxbP,8
fiwJGn6gUtXlk1NZoFAS,8
FK61hsnuxXBgDiGHjvbR,8
fKR9B0IXciszvOyw1E2N,8
FnXVjLgJDclyUw9h213B,8
FWLJQbmnM2URyBv4P38O,8
fwz93tVUqB0KSh57QMkl,8
G2NwvzfD8C7nWSZgaAVs,8
g7qEpdzW3mhFL1Tf0kHV,8
G8ukS97hQUnO13ZIXoLM,8
g9JF3Bsk2IQw1HvxEPpc,8
gAb06acf8NMh2Xwj71HJ,8
gAq0iv5oaMkEt3eD2c9V,8
gCVdj7N0JfPO2Yuh9Xp4,8
gE6dlac4mB9VrXCLID2M,8
gFNGYSsVAOx58JEI0laR,8
gHPbaK69RwpGA7nFtuvU,8
glnkDGXbTaC17YL3JviW,8
GmH1ULjobZKMkcVRyqQs,8
gpQPsBn4Hc6uoxmFbYU3,8
gQIhxTb8e2YmcACas75l,8
GqPZCULjirRngSyMwmh4,8
grm1u5UkAvVC8obIKqi7,8
gtiofz9cBwuYCHjyJTdK,8
gVzZU8WGxyoR07FesaJl,8
GWOV07nzb1Lasfh3wYep,8
H4mO5vLkBgUd1eFixXoS,8
h7eLbvRPOmF8GWnSV0td,8
H9bGFP0xjDkldfUmX7vA,8
HA2qnVEF4t31ceLkiTbK,8
hC4p1vnRPZlyMtsFVrqe,8
hGrRVejLFzNtXcBW6s2p,8
Hj2pF8w3JTWSthbkK5Mx,8
hjdkwfeHXnWoUsJPY2y3,8
HJt1Mc578nYFBDdKNkVu,8
HNpYIJlrkg9oMPc2b3C8,8
HqX48iTlfj6goR3JFWwG,8
hStvL36JYZfqk1XWr2dN,8
HtlDexkruVqzoW5aGpIv,8
hURnIpZK4frFmclgGCeJ,8
HyAR3BXGISmoYQ7J9CLF,8
i8LcqhIaNp4X3Jd0vV1P,8
I9Fsn3j0vud75iUrtycq,8
iH5f4orQv0Z3xAlIsbWh,8
iIPzvDjcCXwE1y6ZFNen,8
iIZJnOKvCosaLkdjzVuc,8
iK503zvsIBnMQAwmgHux,8
ilEPJ7GwKoDNnLH0mkeQ,8
IuCwONbnrsUq8PVpay1F,8
IuXvyBcm6zkGDM3KUiCZ,8
iWXubQ6nP23yTYH4lJxk,8
izRtJ6ELUuCPWAxB9ZOs,8
j1bM0nfqksmQ3X5epgau,8
J2cN9YjVQAUdfMzGRnBw,8
j5COuQxrFWbLotqA3GE7,8
jHEwUGnCVyvB8oguAseJ,8
JIy6ZgaGtHBAmv2krdKx,8
JLGnIyg7olZ9MpdN8wmj,8
jP3pSWqTDOEnCcgH7d0w,8
JufSg9mpGi1dVZ0C7zWA,8
JVSdyxfAB2Y3KT4ZihCk,8
JWDgn4ehCdSx3HcoVPfr,8
jxgaANiB20rR4UuSveCs,8
JyL9KH05sfl1FqZEmuRk,8
JytOpUNjThR5knZgifGQ,8
jzUS0Eu9OKTVZFRY7Xny,8
K4vZyugzc65PshJSG7R1,8
k5hNijdJSezp4M8gF10Q,8
K6iRbvqZrJ5h3C4x0mMT,8
k9LJAopKrhzt8H3iIDuf,8
kmeiX6z4OhLcWACuJF9b,8
01jsnpXSAlgw6aPeDxrU,9
04mcPSei852tgIKUwTJr,9
0AV6MPlrTWG4fYI7NBtQ,9
0B2RwKm6dq9fjUWDNIOa,9
0czUXKSCiGY2j5mxLdWa,9
0dauMIK4ATfybzqUgNLc,9
0FOXjzmnD9CUMVcSlEqh,9
0pqtVjvLk89PdYr5MwZO,9
0Xm5sqBgQASUyFui2kbH,9
0yvBxsufKXzM6CwpcSYU,9
0Zb69USnM3qafJTWHCpL,9
1HFt83wrBnSQu7cP2WZy,9
1juBrXlSObsai4No5MKL,9
1PBLNzoZlUuWEvAt8MHq,9
1soISvrO3ylkfmuaq2UG,9
1uNTL24yHl3EVFidSzUA,9
1XtkeS5VmHTrwaRGAzMh,9
26Apnq34hwrYEbvSUoMV,9
2b8y9vDX0GjJnC5qtcom,9
2gXZWDA3VeTPr1I7pjYa,9
2n8uBGd0wsYvgz4UfH59,9
2naY3OZxS1g8HTqE07ew,9
2v8l9FWbJZg4G7MCNB6r,9
365qzFMSdZmIU1YbfoAx,9
3afO9NUdwDyT6IlAm7gk,9
3Ce9LP6ngx2uBtSyczRG,9
3cG5wXTa8pRN7ObFtE4K,9
3CWgqIP4MTAXY0Q2ef7p,9
3ESs1rk0uyp9wlGgFaKj,9
3MbT7ePSqZuEWgXpiKDm,9
3NctGxP1CHAqdXWho2F9,9
3pQoC5gV4ljNfdXHTEx2,9
3Rpwdu5AN4l2KkeoYHED,9
40Mg1k2UlPuQcsEotIej,9
4ac5qdOrj96X8SglAGZL,9
4e3mraTBH6EvMYXyUVtp,9
4pRhWmnacfFAsg1HZCbO,9
4Qcv9hWIsmBX3PUNLltT,9
4QVwiS1jTnsztAvr7GKD,9
4SyfKNtskEM1juUnXZv2,9
4UblA5oWqLNmdVF8sDw0,9
4XAPr8eSwWqzUlc739ZY,9
502xXcWOnqet1TrUmPBi,9
54aPBqlUj7ODLT6bWRiy,9
5hNHEkrKFC0ufonLQ2d8,9
5LaoOiqj82w0uQpWzDSf,9
5OvCg6dRqcE2zjMNAmLU,9
5PsZU2Cf0jRbcvOtaDAg,9
5S7GkfYCBa3ObXxU8hoq,9
5su2fIARtLqUzSdQgDB9,9
602shC5njSE4yHNZ3QFM,9
61rgpy8Dx9SR4WBzaPtm,9
6cdHfleOSjY0BJxUZNMP,9
6cXb3TjuAmVPgp0fleCd,9
6hK54UzImqWdHyiN3veV,9
6LGpjCQ1OTJlvxRH3m97,9
6N7p0581Hv2oiTfhgCsc,9
6tGhqxwai7TfWSby8lUO,9
6U1ZRnLGvyg9iNFYwt7I,9
7brc10uy63I9lxBGkJD8,9
7cA9IVu3YOH5r8hK42wD,9
7fXZ2Kd5Ak1IjHo04g9Y,9
7jlGOKozPAb8F6DhZuB1,9
7m5GMT1j6VFifne9D8Sq,9
7Qx5U3phNBIMglLwV9PS,9
7TOAFQ4IL2oain9Z1DRq,9
7UJTAcmd85jRz0VitSof,9
7vKDaxCOzwoU6ZT1nNys,9
82j5UBofDE7wucTk4CRJ,9
8H34IhqQL21VOat7CSdK,9
8LYk4IBDwS3luAEK6Vsb,9
8UhJWnK6pLDHAP4gt02r,9
91GncYPQHMUTaSuZBqxJ,9
93QCNLn5FD2pueg7GdXB,9
9bx5RUkH6CZzoS7OXmIY,9
9CYFq8BMeELSXsZ7Ubpx,9
9d3mFhrqe5gtuLE0ACOf,9
9EnBSdaVmKxjteDRPJ2U,9
9Fj7xr8o43KwHZ6nzIqC,9
9YZifGvUnpdBhV3K4eOI,9
9zqISCo82tu64mdDhXFG,9
A4oRW0sZJ3jKwazH5TLy,9
aAPj7tsm9RKdiQc0BnM3,9
ab4tO71wcCyvkjrpZD3u,9
aFdmMqJO9zSI61pXLoTQ,9
AmcBv7pybtl9szISEoGi,9
an7uVbkw5MAPJf8oX9GQ,9
anpXsbFtcGLq4oE9KdiS,9
aoDeHLArcPENpQZqG5J9,9
aPVR4ky8LzBNHeXw1Ou6,9
AUMy0gtvXYK74RT163ie,9
AZkj6twXl4ar9BTGs1SP,9
b3cYmIp5OhHkz9ZrwA8V,9
BC9hzqbTa0OIsePYiND6,9
bcfqy2O40n1Q5e6PDMVg,9
bcqIoNTEXGPDUwzCWRxO,9
BJEMSbkn8DFqZQT9g3iY,9
BJnLTxsZSUg0GO7m1pQu,9
bJWZMVQzly2ogEmf897j,9
bKRFqsMCtGHNh13fw6od,9
BP1nuwOygHtXK57Ymdb6,9
BUJ1dNHsfug3p4AxtCSn,9
bVcKdzrpsCQt6HTIhRSe,9
BxhpgtQbsyuqY06HJ2OT,9
byp4AhFJdw5z703jLIZO,9
bzjwRuiFHZyUTeNvCDB6,9
c0Hj14EGaFBbPnefqS78,9
C3gK1ERFx4WDm7IskLtb,9
C8gwzSJAW9vquQ1pnLEf,9
C9FbiGjfDP4zl2QRxqXW,9
cB54S1OCNa8Pd3M0QxIE,9
cFa4U6xqeVW7liJzMQk0,9
cItfpTWOL31m946zFkYs,9
cKFOX08ZxoVbayIReAvg,9
col1OM7E0gAZTaifUep6,9
CS8VeJ613FL9spGiuY45,9
cYQ7s8Kei2VALkgHlJGb,9
D0NQOcIT94lrkWxzyaP6,9
D4HgKrPeUyIlGFMv1tVR,9
D4NQLor5zyHsjYCukl0O,9
d62Ov9TlFDKLQ1Bbz5Yp,9
d7HGcZnuRPhQ0XBvTt6x,9
db03PLecsviEz6TMZCSn,9
dbKwCsoBrcJehx48m7fP,9
DC1wN6o8fus4iEUtQljY,9
De0q3gzMjh2b8dlp9YmW,9
dFf7OsbJGliBohLWMk58,9
dFjMQn7q1K8Z6ziwG0TP,9
dI89k371NKgURwFqsOBy,9
DltQIwzFoACY78VGd1pu,9
DRw7V8B0HGF1mpjkeadN,9
DsSCh58cwF0k4KjH2gvz,9
dUg3juznXokGEycCO5Mx,9
dW7PwfxAsy8HLFn3NXtB,9
dxgJa5tvQFs0WNPhiI1U,9
e0ujNRMU2TxqD4rfAXaF,9
E3TqRaCWmuPFyUg82eSD,9
EeD6xHtTPIkmqOQw8o9U,9
egpf3iObh8MlAmqzRDPu,9
EJ2ZomyQW0zLdbxTGVvj,9
etiXx5SkyzfIu0aqWJ7g,9
EvXRL4pIdMyi8qnfUze6,9
EXm7GqWzb8pMQ2Ucyx0a,9
EZWPt7i0ocxdnqG3BvRD,9
F8Vlm6LJMgyE50a1xbSX,9
fcxK8BVZ2TaepP3AnvL9,9
fhTWnxRPbIcSqtzlOCoD,9
fiepv5X3tyCOgzYnT0kK,9
FiHCdZeLuSOWcQBv8yKm,9
firgjUSwdqCOTFeAK5xu,9
fPV9HUmW2kwINly8YhOS,9
FQv250xqPrBlk1sSToYE,9
FRzN6ZiS5KU3Iyql2sc7,9
fU4l7Lc8jnyxRewu1okV,9
fvbowPJXxAKQsVt7MiRL,9
FvDlfHR4NkS7EYZrOTCg,9
Fx7qZU0yclOobRHp21kN,9
G5dlzsYqu8TkDrxUpXmS,9
G5s0wMUhuWJi1ckDSzn4,9
gDmLXUe9RiC31cxBN7Vy,9
goHJKbBCkNIqzsih6Zpx,9
GolUKPReSvZL6pHkM14t,9
gPrRmh5MjtBE3Io7pz0e,9
gq1T5uf3MyIdtU0HsN9a,9
GqB39IgmebAiT5OrNf1o,9
GQh8kxUDtRVwzEP0Wvfs,9
GRXZaphsokTrql4u2xMd,9
H0evJ1QxsltOCmkDaTGr,9
h58VsWF3CjNwgxZenm7l,9
hCozU2T0mep6nNkABStf,9
HhyutfnaJMeAN5wEsZOg,9
hpKeXGQLyJzdtmO9u1MR,9
hWxgEPKIclqL97uVA2m4,9
hwZX9Eiumyqjdt06xrkF,9
hxza7D1ItdKu3bNUXRly,9
i8r3tlV05JwDWgYuAXdc,9
I9SRFlHMaNkpDmfjEsc0,9
iDx4TemwdyfNER52l0Mn,9
iGeOZD9thLqWJjBTwcmb,9
iH0WPl3gvIBwexmry2ES,9
IJr6lPZBdNCgUGakjMYc,9
iOoB2uvIKDkrHS0Ewdte,9
IopqlNQASCdjT8eOWRHw,9
iouyxgUJX7pjI1LBTSDF,9
IyC7QefoEahdAmqDN5b9,9
jBbO9vIsVMT21nl7megH,9
jEVAIFWvTw1hu3yrizUa,9
jF8Qxdo3MyVEc9l6O2B1,9
JiUyEfTOm6oasXKj7p1G,9
Jkp4jA821MuFmbZU6xRr,9
jKs2xGwT7nCOQ5hYraFU,9
jKT8GepvlOVC72PYzWXF,9
JlhVH357f6XkT2EsP4DO,9
jlSnNDwm6Arby4cQv0ox,9
jOPwcHh7kyFaB4Yv8SMU,9
jQTW2ckwXNIaeAPMftm8,9
JyBvMAZbhIprolF8HNe6,9
JyExpTqVMmeA2wH0FbkY,9
JZX2B0zdS7MAVmjLUkx6,9
kg24YRJTB8DNdKMXpwOH,9
